id,category,sentiment,text
1,製品レビュー,ポジティブ,この商品は本当に素晴らしいです。品質が高く、使いやすい。
2,カスタマーサポート,ポジティブ,サポートチームの対応が迅速で丁寧でした。問題がすぐに解決しました。
3,製品レビュー,ネガティブ,期待外れでした。価格に見合う品質ではありません。
4,サービス,中立,普通のサービスだと思います。特に良くも悪くもない。
5,製品レビュー,ポジティブ,使い心地が良く、デザインも気に入っています。購入して正解でした。
6,カスタマーサポート,ネガティブ,問い合わせに対する返答が遅すぎます。改善が必要です。
7,製品レビュー,ポジティブ,コストパフォーマンスが非常に高い商品です。おすすめできます。
8,サービス,ポジティブ,スタッフの対応が素晴らしく、気持ちよく利用できました。
9,製品レビュー,中立,可もなく不可もなく。値段相応だと思います。
10,カスタマーサポート,ポジティブ,親切で分かりやすい説明をしていただきました。感謝しています。
11,製品レビュー,ネガティブ,耐久性に問題があります。すぐに壊れてしまいました。
12,サービス,ポジティブ,迅速な配送で、梱包も丁寧でした。また利用したいです。
13,製品レビュー,ポジティブ,機能が豊富で、使いこなすのが楽しいです。満足度が高い。
14,カスタマーサポート,中立,標準的なサポート対応でした。特に印象に残ることはない。
15,製品レビュー,ポジティブ,家族全員が気に入っています。買って良かったです。
16,サービス,ネガティブ,手続きが煩雑で時間がかかりすぎます。もっと簡素化してほしい。
17,製品レビュー,ポジティブ,長年使っていますが、今でも問題なく動作しています。信頼性が高い。
18,カスタマーサポート,ポジティブ,24時間対応してくれるのが助かります。いつでも相談できる。
19,製品レビュー,中立,まあまあの商品だと思います。特筆すべき点はありません。
20,サービス,ポジティブ,アフターサービスが充実していて安心です。
21,製品レビュー,ネガティブ,説明書が分かりにくく、使い方が理解できませんでした。
22,カスタマーサポート,ネガティブ,電話がつながらず、メールの返信も遅い。不満です。
23,製品レビュー,ポジティブ,デザインがシンプルで美しい。部屋のインテリアにもマッチします。
24,サービス,中立,普通のサービスレベルです。平均的だと感じました。
25,製品レビュー,ポジティブ,静音性が高く、夜間でも気にせず使えます。快適です。
26,カスタマーサポート,ポジティブ,担当者の知識が豊富で、的確なアドバイスをもらえました。
27,製品レビュー,ネガティブ,サイズが思っていたより大きくて場所を取ります。
28,サービス,ポジティブ,ポイント制度が充実していてお得感があります。
29,製品レビュー,ポジティブ,軽量で持ち運びやすい。旅行にも便利です。
30,カスタマーサポート,中立,一般的な対応でした。特に良くも悪くもありません。
31,製品レビュー,ポジティブ,エコ仕様で環境に優しい。社会貢献にもなります。
32,サービス,ポジティブ,会員特典が豊富で、長く利用するメリットがあります。
33,製品レビュー,ネガティブ,操作が複雑で使いこなせません。もっとシンプルにしてほしい。
34,カスタマーサポート,ポジティブ,クレーム対応が誠実で、信頼できる会社だと感じました。
35,製品レビュー,ポジティブ,安全性が高く、子供がいる家庭でも安心して使えます。
36,サービス,ネガティブ,予約システムが使いにくく、不便を感じます。
37,製品レビュー,中立,期待していたほどではありませんが、許容範囲内です。
38,カスタマーサポート,ポジティブ,オペレーターの対応が丁寧で好感が持てました。
39,製品レビュー,ポジティブ,価格が手頃で、初心者にもおすすめできます。
40,サービス,ポジティブ,店舗の雰囲気が良く、居心地が良かったです。
41,製品レビュー,ネガティブ,バッテリーの持ちが悪く、頻繁に充電が必要です。
42,カスタマーサポート,ネガティブ,対応が事務的で冷たい印象を受けました。
43,製品レビュー,ポジティブ,多機能で様々な用途に使えます。汎用性が高い。
44,サービス,中立,標準的なサービスだと思います。特に目立つ点はない。
45,製品レビュー,ポジティブ,保証期間が長く、安心して購入できました。
46,カスタマーサポート,ポジティブ,チャットサポートが便利で、すぐに疑問が解決しました。
47,製品レビュー,ネガティブ,広告と実物のイメージが違いすぎます。誇大広告だと感じた。
48,サービス,ポジティブ,キャンペーンが頻繁にあって、お得に利用できます。
49,製品レビュー,ポジティブ,修理やメンテナンスが簡単で、長く使えそうです。
50,カスタマーサポート,中立,普通の対応でした。可もなく不可もなく。
